{
    "access_key": "0066725464abd96d2cee00863ad9067f",
    "access_token": "ec6a73ed66f5704bf4d071a2174fb736238aaeb6",
    "addContact": {
        "name": "",
        "status": false
    },
    "addImage": {
        "name": "",
        "status": false
    },
    "addPesan": "",
    "addSticker": {
        "name": "",
        "status": false
    },
    "addStickers": {
        "name": "",
        "status": false
    },
    "admin": [
        "udf060a89ebb2af83af77edddb767c329"
    ],
    "ani_guess": [
        "c9a9f741633543d70449a7d9801cbbd28"
    ],
    "antijs": false,
    "apiKey": "8e3cf182-807a-4186-9261-a6c8741a9237",
    "autoAdd": true,
    "autoJoin": false,
    "autoJoinTicket": true,
    "autoLeave": false,
    "autoLike": false,
    "autoRead": true,
    "autoRead1": true,
    "autoReply": false,
    "autoRestart": false,
    "botMute": [],
    "botOff": [],
    "changeCoverProfile": false,
    "changeGroupPicture": [],
    "changePicture": false,
    "changeProfileVideo": {
        "picture": "tmp/pict.bin",
        "stage": 2,
        "status": false,
        "video": "/tmp/linepy-1533757450-2.bin"
    },
    "changeVideo": false,
    "chatbot": {
        "": false
    },
    "checkContact": false,
    "checkPost": false,
    "checkSticker": false,
    "comd": {
        "chat": ""
    },
    "commentPost": "☆(☢ʙᴀɴԍ sᴀмuᴅʀᴀ нᴀᴅιʀ ɴԍᴇ ʟικᴇ ʙos👻☢)☆╭───────────────\n│╭──────────────\n│├• ᴛᴇʀɪᴍᴀᴋᴀsɪʜ suᴅᴀн ᴀᴅᴅ\n│├• sᴀмuᴅʀᴀ\n│╰──────────────\n├──•〔 ᴏ ᴘ ᴇ ɴ ʀ ᴇ ɴ ᴛ ᴀ ʟ 〕\n│╭──────────────\n│├─•  sᴇʟғʙᴏᴛ :\n││( 𝟏 )• ғᴜʟʟ ᴛᴇᴍᴘʟᴀᴛᴇ\n││( 𝟐 )• ɴᴏ ᴛᴇᴍᴘʟᴀᴛᴇ\n│├─•  ᴘʀᴏᴛᴇᴄᴛ / ᴡᴀʀ :\n││( 𝟏 )• 𝟑 ᴀssɪsᴛ\n││( 𝟐 )• 𝟓 ᴀssɪsᴛ\n││( 𝟑 )• 𝟕 ᴀssɪsᴛ\n││( 𝟒 )• ᴄʟɪᴇɴᴛ ᴘʀᴏᴛᴇᴄᴛ\n│╰──────────────\n├──•〔 sᴇʟʟ   ᴛʜᴇ   sᴄʀɪᴘᴛ 〕\n│╭──────────────\n││( 𝟏 )• ʜᴇʟᴘᴇʀs\n││( 𝟐 )• sʙ ᴡᴀʀ\n││( 𝟑 )• sʙ ᴘʀᴏᴛᴇᴄᴛ\n││( 𝟒 )• ᴄʟ/ᴄʟɪᴇɴᴛ\n││( 𝟓 )• sʙ ғᴜʟʟ ᴛᴇᴍᴘʟᴀᴛᴇ\n│╰──────────────\n│ ན ᴄʀ : line://ti/p/~samudrabots.py\n│ ན ᴄʀ : line://ti/p/~samudrabots\n╰───────────────",
    "content": {
        "sam": [
            "u2cf74acf6ed04d122def4db8ffdd2e39",
            "u2cf74acf6ed04d122def4db8ffdd2e39",
            "u2cf74acf6ed04d122def4db8ffdd2e39"
        ],
        "status": true
    },
    "detectMention": false,
    "fancy": {
        "foto1": [],
        "foto2": [],
        "foto3": [],
        "status": false
    },
    "getReader": {},
    "keyCommand": ".",
    "leaveMessage": false,
    "leavePesan": "ɴᴀʜ ʟʜᴏ @!, ɴᴀʜ ᴋᴀɴ ʙᴀғᴇʀ ᴛᴜ {gname}??",
    "mayhem": false,
    "mentionPesan": "☆(☢ɴικᴀн ʏuκ🤣☢)☆@!, ʏuκ κιтᴀ κᴇᴘᴇɴԍнuʟu🤣",
    "messageSticker": {
        "addName": null,
        "addStatus": false,
        "listSticker": {
            "addSticker": {
                "STKID": "2384546",
                "STKPKGID": "1057495",
                "STKVER": "14",
                "status": true
            },
            "leaveSticker": null,
            "mentionSticker": {
                "STKID": "11979804",
                "STKPKGID": "1295985",
                "STKVER": "1"
            },
            "readerSticker": null,
            "replySticker": null,
            "welcomeSticker": null
        }
    },
    "mimic": {
        "copy": false,
        "status": true,
        "target": {
            "udb68a574c2dd49530fd9affdcead6856": true
        }
    },
    "myProfile": {
        "coverId": "01dd48256d7ce9036cd3195e53296076",
        "coverStatus": "",
        "displayName": "❍ sᴀᴍᴜᴅʀᴀ ❍",
        "pictureStatus": "0hzSE8cIwnJXx4QQyXi11aK0QEKxEPbyM0ACZtTVQULkwFdjd6QiM9T1oRLxxVcjUrRS89GQgTK0RT",
        "statusMessage": "❍ sᴀᴍᴜᴅʀᴀ ❍",
        "videoProfile": null
    },
    "notag": false,
    "protectGroupImage": false,
    "protectGroupName": false,
    "protectGroupQr": false,
    "protect_note": [],
    "publicMode": false,
    "qrprotect": false,
    "readerPesan": "ɴɢɪɴᴛɪᴘ @!, ᴛᴀᴋ ᴄᴏʟᴏᴋ",
    "replyPesan": "☆(☢ɴικᴀн ʏuκ🤣☢)☆",
    "resendChat": false,
    "responGc": false,
    "restartBot": null,
    "restartPoint": null,
    "server": "VPS",
    "setKey": false,
    "timeRestart": 43200,
    "unsendMessage": false,
    "userAgent": [
        "Mozilla/5.0 (X11; U; Linux i586; de; rv:5.0) Gecko/20100101 Firefox/5.0",
        "Mozilla/5.0 (X11; U; Linux amd64; rv:5.0) Gecko/20100101 Firefox/5.0 (Debian)",
        "Mozilla/5.0 (X11; U; Linux amd64; en-US; rv:5.0) Gecko/20110619 Firefox/5.0",
        "Mozilla/5.0 (X11; Linux) Gecko Firefox/5.0",
        "Mozilla/5.0 (X11; Linux x86_64; rv:5.0) Gecko/20100101 Firefox/5.0 FirePHP/0.5",
        "Mozilla/5.0 (X11; Linux x86_64; rv:5.0) Gecko/20100101 Firefox/5.0 Firefox/5.0",
        "Mozilla/5.0 (X11; Linux x86_64) Gecko Firefox/5.0",
        "Mozilla/5.0 (X11; Linux ppc; rv:5.0) Gecko/20100101 Firefox/5.0",
        "Mozilla/5.0 (X11; Linux AMD64) Gecko Firefox/5.0",
        "Mozilla/5.0 (X11; FreeBSD amd64; rv:5.0) Gecko/20100101 Firefox/5.0",
        "Mozilla/5.0 (Windows NT 6.2; WOW64; rv:5.0) Gecko/20100101 Firefox/5.0",
        "Mozilla/5.0 (Windows NT 6.1; Win64; x64; rv:5.0) Gecko/20110619 Firefox/5.0",
        "Mozilla/5.0 (Windows NT 6.1; Win64; x64; rv:5.0) Gecko/20100101 Firefox/5.0",
        "Mozilla/5.0 (Windows NT 6.1; rv:6.0) Gecko/20100101 Firefox/5.0",
        "Mozilla/5.0 (Windows NT 6.1.1; rv:5.0) Gecko/20100101 Firefox/5.0",
        "Mozilla/5.0 (Windows NT 5.2; WOW64; rv:5.0) Gecko/20100101 Firefox/5.0",
        "Mozilla/5.0 (Windows NT 5.1; U; rv:5.0) Gecko/20100101 Firefox/5.0",
        "Mozilla/5.0 (Windows NT 5.1; rv:2.0.1) Gecko/20100101 Firefox/5.0",
        "Mozilla/5.0 (Windows NT 5.0; WOW64; rv:5.0) Gecko/20100101 Firefox/5.0",
        "Mozilla/5.0 (Windows NT 5.0; rv:5.0) Gecko/20100101 Firefox/5.0"
    ],
    "userMentioned": {},
    "waktu": 10,
    "welcomeMessage": false,
    "welcomePesan": "wᴇʟcoмᴇ {gname} , ☆(☢wᴇʟcoмᴇ😘мoԍᴀ ʙᴇтᴀн κᴀκ☢)☆"
}